                  epoch,         train/box_loss,         train/cls_loss,         train/dfl_loss,   metrics/precision(B),      metrics/recall(B),       metrics/mAP50(B),    metrics/mAP50-95(B),           val/box_loss,           val/cls_loss,           val/dfl_loss,                 lr/pg0,                 lr/pg1,                 lr/pg2
                      1,                 2.2895,                  3.777,                 1.5373,                0.00452,                0.77778,                0.12747,                  0.037,                  1.773,                 4.0371,                 1.3029,             0.00064762,             0.00064762,             0.00064762
                      2,                  1.885,                 2.1223,                 1.2589,                 0.0028,                0.48148,                0.01409,                0.00398,                 1.8514,                 4.1462,                 1.3976,              0.0013025,              0.0013025,              0.0013025
                      3,                 1.8279,                 1.9488,                 1.2484,                0.72487,                0.24074,                0.47085,                0.16917,                  1.871,                 2.8531,                 1.4184,              0.0019453,              0.0019453,              0.0019453
                      4,                 1.7269,                 1.6718,                 1.2062,                0.53352,                0.51852,                0.49661,                0.20761,                 1.9041,                 2.1996,                 1.3832,               0.001946,               0.001946,               0.001946
                      5,                 1.6986,                 1.6239,                 1.1922,                0.67399,                0.42124,                0.58737,                0.27427,                  1.797,                 1.8328,                 1.3293,               0.001928,               0.001928,               0.001928
                      6,                 1.7678,                 1.6637,                  1.203,                0.77443,                0.42593,                0.59115,                0.26299,                 1.7266,                 1.8602,                 1.2377,                0.00191,                0.00191,                0.00191
                      7,                 1.6996,                  1.502,                  1.206,                 0.6427,                0.68519,                  0.685,                0.30848,                  1.616,                  1.636,                 1.3162,               0.001892,               0.001892,               0.001892
                      8,                 1.6963,                 1.4185,                  1.204,                0.55979,                0.58879,                0.60997,                0.19111,                 1.8838,                 1.7904,                 1.3678,               0.001874,               0.001874,               0.001874
                      9,                 1.6319,                 1.5488,                 1.1303,                0.64257,                 0.7037,                0.73312,                0.30524,                 1.8099,                 1.4548,                 1.2923,               0.001856,               0.001856,               0.001856
                     10,                 1.6489,                 1.4117,                 1.1454,                0.78877,                0.42593,                0.57593,                 0.2309,                 1.9189,                  1.869,                 1.3301,               0.001838,               0.001838,               0.001838
                     11,                 1.7106,                 1.3483,                 1.1541,                0.57339,                0.52276,                0.49476,                0.18077,                 1.8645,                 1.9174,                  1.363,                0.00182,                0.00182,                0.00182
                     12,                 1.6438,                 1.3649,                 1.1685,                0.85292,                0.53696,                0.65736,                0.24122,                 1.8677,                 1.6441,                 1.2839,               0.001802,               0.001802,               0.001802
                     13,                 1.6752,                 1.3473,                 1.1717,                0.65195,                0.64815,                0.70232,                0.27723,                 1.7122,                 1.4776,                 1.2597,               0.001784,               0.001784,               0.001784
                     14,                 1.6312,                 1.2798,                 1.1512,                0.61593,                0.65342,                0.69838,                0.31846,                  1.643,                 1.4281,                  1.196,               0.001766,               0.001766,               0.001766
                     15,                 1.6359,                  1.277,                 1.1551,                0.79412,                0.57151,                 0.7173,                0.32846,                 1.6675,                 1.4339,                 1.1902,               0.001748,               0.001748,               0.001748
                     16,                 1.5961,                 1.2288,                 1.1543,                0.67286,                0.72222,                0.74926,                0.31347,                 1.6432,                 1.3777,                 1.2245,                0.00173,                0.00173,                0.00173
                     17,                 1.6222,                 1.2692,                 1.1735,                0.61565,                 0.7037,                0.72836,                 0.3256,                 1.5421,                 1.3719,                 1.2082,               0.001712,               0.001712,               0.001712
                     18,                 1.6116,                 1.2183,                 1.1373,                 0.7556,                 0.7963,                0.83147,                0.39991,                 1.6141,                 1.2871,                 1.2179,               0.001694,               0.001694,               0.001694
                     19,                  1.546,                 1.2242,                 1.1001,                0.75421,                0.85235,                0.84575,                0.42106,                 1.4718,                 1.2639,                 1.1489,               0.001676,               0.001676,               0.001676
                     20,                 1.5878,                 1.2002,                 1.1279,                0.76266,                 0.7963,                  0.837,                0.35062,                 1.6535,                 1.3264,                 1.2306,               0.001658,               0.001658,               0.001658
                     21,                 1.5686,                 1.1798,                 1.1215,                0.74795,                0.87037,                0.82715,                0.43011,                 1.5127,                 1.2232,                 1.1429,                0.00164,                0.00164,                0.00164
                     22,                 1.5592,                 1.1946,                 1.1248,                0.80362,                0.75785,                0.87724,                0.47073,                 1.4417,                 1.1544,                 1.1048,               0.001622,               0.001622,               0.001622
                     23,                 1.5554,                 1.1895,                 1.1033,                 0.6531,                0.80194,                0.76302,                0.38789,                 1.4635,                 1.1951,                 1.1452,               0.001604,               0.001604,               0.001604
                     24,                 1.6083,                 1.2235,                 1.1331,                0.68597,                0.81481,                0.78385,                0.33771,                 1.6011,                 1.2688,                 1.2503,               0.001586,               0.001586,               0.001586
                     25,                 1.5753,                 1.2148,                 1.1034,                 0.6342,                0.77778,                0.78291,                  0.393,                  1.482,                 1.2985,                 1.1162,               0.001568,               0.001568,               0.001568
                     26,                 1.5775,                 1.2073,                 1.1215,                 0.6121,                0.77778,                0.75328,                 0.3221,                 1.5607,                 1.3242,                 1.1473,                0.00155,                0.00155,                0.00155
                     27,                 1.5636,                  1.206,                 1.1363,                0.65299,                0.72222,                0.76594,                0.41617,                 1.5387,                 1.2479,                   1.12,               0.001532,               0.001532,               0.001532
                     28,                 1.5427,                 1.1637,                  1.103,                0.73181,                  0.758,                0.76282,                0.35925,                 1.4758,                 1.2867,                  1.113,               0.001514,               0.001514,               0.001514
                     29,                 1.6251,                 1.2227,                 1.1804,                0.76492,                0.81481,                0.87252,                0.43328,                 1.3931,                 1.1724,                 1.0937,               0.001496,               0.001496,               0.001496
                     30,                 1.5598,                 1.2037,                 1.1377,                0.74367,                0.74074,                0.84938,                0.42953,                 1.4298,                 1.2075,                 1.1229,               0.001478,               0.001478,               0.001478
                     31,                 1.5489,                 1.1686,                 1.1072,                0.80776,                0.77778,                0.86113,                0.46463,                 1.4522,                 1.2436,                 1.1286,                0.00146,                0.00146,                0.00146
                     32,                 1.5178,                 1.1891,                 1.0974,                0.76155,                0.82806,                0.87478,                 0.3794,                 1.5454,                 1.3054,                 1.1461,               0.001442,               0.001442,               0.001442
                     33,                 1.5021,                 1.1851,                 1.1018,                0.65866,                0.72222,                0.79702,                0.36907,                 1.5129,                 1.3463,                  1.112,               0.001424,               0.001424,               0.001424
                     34,                 1.5183,                 1.1419,                  1.109,                 0.7074,                0.83333,                0.83147,                0.38998,                 1.3894,                 1.3116,                 1.0914,               0.001406,               0.001406,               0.001406
                     35,                 1.5463,                 1.1441,                 1.1183,                0.66738,                0.74074,                0.77044,                0.33375,                 1.5026,                 1.3199,                  1.085,               0.001388,               0.001388,               0.001388
                     36,                 1.5256,                 1.1725,                 1.1199,                0.73847,                0.75926,                0.84142,                0.42784,                 1.4767,                 1.1994,                 1.0965,                0.00137,                0.00137,                0.00137
                     37,                 1.5189,                  1.136,                    1.1,                0.79084,                0.77028,                0.85926,                0.39184,                 1.4715,                 1.2354,                 1.0845,               0.001352,               0.001352,               0.001352
                     38,                 1.5254,                 1.1524,                 1.0977,                0.86366,                0.82126,                0.89605,                0.41511,                 1.5252,                 1.2975,                  1.099,               0.001334,               0.001334,               0.001334
                     39,                 1.5117,                 1.1558,                 1.1078,                0.78094,                0.74074,                0.77987,                 0.3565,                 1.5955,                  1.321,                 1.1791,               0.001316,               0.001316,               0.001316
                     40,                 1.5413,                 1.1721,                 1.1008,                 0.7252,                 0.7037,                0.79981,                0.43742,                 1.4252,                 1.2035,                  1.071,               0.001298,               0.001298,               0.001298
                     41,                 1.5039,                 1.1352,                 1.0953,                 0.8093,                0.86454,                0.89282,                0.47361,                 1.4133,                 1.1305,                 1.0852,                0.00128,                0.00128,                0.00128
                     42,                 1.4959,                 1.1166,                 1.0955,                0.80209,                0.81481,                0.85602,                0.43522,                 1.4636,                 1.1665,                 1.1051,               0.001262,               0.001262,               0.001262
                     43,                 1.4862,                 1.1072,                 1.0891,                0.69549,                0.85185,                0.83467,                0.43354,                 1.4167,                  1.123,                 1.0695,               0.001244,               0.001244,               0.001244
                     44,                 1.4932,                 1.0883,                 1.0811,                0.90972,                0.72222,                0.84006,                0.41695,                 1.4159,                 1.1678,                 1.0637,               0.001226,               0.001226,               0.001226
                     45,                 1.4918,                 1.1082,                 1.0868,                0.89981,                0.83165,                0.93781,                0.44002,                 1.5842,                 1.0813,                 1.1329,               0.001208,               0.001208,               0.001208
                     46,                 1.4441,                 1.1199,                 1.0912,                0.77419,                0.85185,                0.85129,                 0.4556,                 1.3375,                 1.1391,                 1.0611,                0.00119,                0.00119,                0.00119
                     47,                  1.455,                 1.0963,                 1.0801,                0.78792,                0.87037,                0.85868,                0.44015,                 1.5179,                 1.1686,                 1.1183,               0.001172,               0.001172,               0.001172
                     48,                  1.485,                 1.0799,                 1.0735,                0.81083,                0.88889,                0.89523,                0.48509,                  1.428,                 1.0749,                 1.1282,               0.001154,               0.001154,               0.001154
                     49,                 1.4808,                 1.0771,                 1.0896,                0.88759,                0.88889,                0.90545,                0.48528,                 1.4266,                 1.0254,                 1.0822,               0.001136,               0.001136,               0.001136
                     50,                 1.4767,                 1.0667,                 1.0729,                0.84404,                0.85185,                0.89049,                0.43495,                 1.4207,                 1.0945,                 1.0681,               0.001118,               0.001118,               0.001118
                     51,                 1.5459,                 1.1343,                 1.1069,                0.88196,                0.92593,                0.91759,                0.44649,                  1.529,                 1.1098,                 1.1402,                 0.0011,                 0.0011,                 0.0011
                     52,                 1.4616,                 1.0587,                  1.086,                0.63973,                0.85498,                0.78698,                0.39464,                 1.4404,                  1.171,                 1.0955,               0.001082,               0.001082,               0.001082
                     53,                 1.4978,                 1.0677,                 1.0937,                0.73751,                0.88889,                0.88713,                0.49334,                 1.4095,                 1.0385,                 1.0662,               0.001064,               0.001064,               0.001064
                     54,                 1.4668,                 1.0611,                 1.0763,                0.79621,                0.86828,                0.90025,                0.47368,                  1.444,                  1.085,                 1.0991,               0.001046,               0.001046,               0.001046
                     55,                 1.4463,                 1.0458,                 1.0564,                0.77448,                0.88889,                0.86556,                0.47746,                 1.3994,                 1.1336,                  1.054,               0.001028,               0.001028,               0.001028
                     56,                 1.4243,                 1.0319,                 1.0572,                0.66674,                0.87037,                0.80226,                0.42163,                 1.3851,                  1.198,                 1.0609,                0.00101,                0.00101,                0.00101
                     57,                 1.4705,                 1.0569,                 1.0663,                0.80223,                0.82637,                0.87515,                0.48082,                 1.4868,                 1.1476,                 1.0811,               0.000992,               0.000992,               0.000992
                     58,                 1.4499,                 1.0374,                 1.0714,                0.84251,                0.89167,                0.91028,                0.51719,                 1.4076,                 1.1007,                 1.0603,               0.000974,               0.000974,               0.000974
                     59,                 1.4492,                 1.0683,                 1.0717,                0.77685,                0.85185,                0.87046,                0.48623,                 1.4753,                 1.1223,                 1.0972,               0.000956,               0.000956,               0.000956
                     60,                 1.4745,                 1.0196,                 1.0737,                0.75337,                0.84855,                0.83296,                0.45022,                 1.4721,                 1.0772,                 1.0616,               0.000938,               0.000938,               0.000938
                     61,                 1.4623,                 1.0282,                 1.0772,                0.82398,                0.81481,                0.88923,                0.40769,                 1.6175,                 1.1975,                 1.1372,                0.00092,                0.00092,                0.00092
                     62,                 1.4406,                 1.0223,                 1.0666,                0.70336,                0.88889,                0.83614,                0.47464,                 1.4126,                  1.153,                 1.0526,               0.000902,               0.000902,               0.000902
                     63,                 1.4762,                 1.0179,                 1.0627,                0.83179,                0.82424,                0.91248,                0.49502,                 1.4496,                 1.1227,                 1.0496,               0.000884,               0.000884,               0.000884
                     64,                 1.4197,                 1.0232,                 1.0608,                0.80988,                0.81481,                 0.8962,                0.50628,                 1.4151,                 1.0826,                 1.0615,               0.000866,               0.000866,               0.000866
                     65,                 1.4477,                 1.0213,                 1.0749,                0.84518,                0.87037,                0.89252,                0.56543,                  1.313,                 1.0208,                 1.0555,               0.000848,               0.000848,               0.000848
                     66,                 1.4551,                  1.012,                 1.0541,                0.84468,                0.87037,                0.90906,                 0.5463,                 1.3446,                 1.0404,                 1.0433,                0.00083,                0.00083,                0.00083
                     67,                 1.4272,                0.97609,                 1.0583,                0.78444,                0.74128,                0.83534,                0.46088,                 1.4161,                 1.1504,                 1.0757,               0.000812,               0.000812,               0.000812
                     68,                 1.4821,                 1.0364,                 1.0467,                0.79155,                0.84391,                0.87641,                0.49737,                 1.3779,                 1.0495,                 1.0803,               0.000794,               0.000794,               0.000794
                     69,                 1.3929,                0.97787,                 1.0481,                0.85103,                0.84641,                 0.8954,                0.53094,                 1.4081,                  1.043,                 1.0704,               0.000776,               0.000776,               0.000776
                     70,                 1.3831,                0.97504,                 1.0401,                0.87959,                0.83333,                0.88843,                0.52577,                 1.3693,                 1.0142,                 1.0763,               0.000758,               0.000758,               0.000758
                     71,                 1.3898,                0.97087,                 1.0483,                0.85364,                0.90741,                0.87252,                0.53144,                 1.3861,                 1.0216,                 1.0573,                0.00074,                0.00074,                0.00074
                     72,                  1.384,                0.99302,                 1.0512,                0.87485,                0.77673,                0.85855,                 0.5085,                 1.4896,                 1.0423,                 1.1035,               0.000722,               0.000722,               0.000722
                     73,                 1.3524,                0.99567,                  1.025,                0.87978,                0.85185,                0.89725,                0.50071,                 1.4482,                 1.0527,                  1.062,               0.000704,               0.000704,               0.000704
                     74,                 1.3898,                0.97873,                 1.0479,                0.85422,                0.85185,                 0.8939,                0.53284,                 1.3412,                 1.0587,                 1.0472,               0.000686,               0.000686,               0.000686
                     75,                 1.3908,                0.93767,                 1.0448,                 0.8449,                0.87037,                0.86951,                0.52828,                 1.4053,                 1.0428,                 1.1168,               0.000668,               0.000668,               0.000668
                     76,                 1.4168,                0.96559,                  1.051,                0.82484,                 0.8721,                0.89193,                0.53399,                 1.3687,                  1.005,                 1.0353,                0.00065,                0.00065,                0.00065
                     77,                 1.3486,                 1.0082,                 1.0127,                0.84749,                0.87037,                0.94014,                0.53814,                 1.3503,                 1.0443,                 1.0322,               0.000632,               0.000632,               0.000632
                     78,                 1.3597,                0.93024,                 1.0384,                0.92234,                0.85185,                0.91916,                0.54341,                 1.3577,                0.97996,                 1.0301,               0.000614,               0.000614,               0.000614
                     79,                 1.3814,                0.92777,                 1.0426,                  0.867,                0.84514,                0.91967,                0.58012,                 1.2961,                0.96738,                 1.0145,               0.000596,               0.000596,               0.000596
                     80,                 1.4008,                0.94268,                 1.0405,                0.85153,                0.83333,                0.90526,                0.57001,                 1.3239,                   1.02,                 1.0367,               0.000578,               0.000578,               0.000578
                     81,                 1.3197,                0.97135,                 1.0074,                 0.8539,                 0.8659,                0.87618,                 0.5315,                 1.3378,                 1.0272,                 1.0467,                0.00056,                0.00056,                0.00056
                     82,                 1.3411,                0.92516,                 1.0358,                 0.7986,                0.90741,                0.90782,                0.56759,                  1.351,                0.99179,                 1.0421,               0.000542,               0.000542,               0.000542
                     83,                  1.379,                0.93807,                 1.0468,                0.79668,                0.92593,                0.89664,                0.53601,                 1.3243,                 1.0495,                 1.0275,               0.000524,               0.000524,               0.000524
                     84,                 1.3502,                0.92133,                 1.0254,                 0.8926,                0.85185,                0.91887,                0.57788,                 1.3397,                 1.0019,                 1.0755,               0.000506,               0.000506,               0.000506
                     85,                 1.3557,                0.93608,                 1.0472,                0.92814,                0.83333,                0.91972,                0.52509,                 1.4659,                 1.0789,                 1.0704,               0.000488,               0.000488,               0.000488
                     86,                 1.3639,                0.92004,                 1.0353,                0.91784,                0.82758,                0.92266,                0.53063,                 1.4356,                 1.0235,                 1.0663,                0.00047,                0.00047,                0.00047
                     87,                 1.3578,                 0.9054,                 1.0194,                0.88728,                0.87469,                0.90641,                0.50649,                 1.3743,                 1.0311,                 1.0679,               0.000452,               0.000452,               0.000452
                     88,                 1.3685,                0.90982,                 1.0321,                0.85298,                0.87037,                 0.8826,                0.55219,                 1.3777,                 1.0066,                 1.0994,               0.000434,               0.000434,               0.000434
                     89,                 1.3428,                0.89046,                 1.0217,                0.88688,                0.87112,                0.91256,                0.54013,                 1.3888,                0.96187,                 1.1152,               0.000416,               0.000416,               0.000416
                     90,                 1.3291,                0.89779,                 1.0159,                0.90398,                0.87169,                 0.9164,                0.55087,                 1.3725,                 1.0149,                 1.0809,               0.000398,               0.000398,               0.000398
                     91,                 1.3747,                0.91629,                 1.0445,                0.86977,                0.88889,                0.89634,                0.55705,                  1.398,                0.97162,                 1.0808,                0.00038,                0.00038,                0.00038
                     92,                 1.3387,                0.88059,                  1.027,                0.88137,                0.82563,                0.91288,                0.55196,                 1.3145,                 0.9581,                 1.0397,               0.000362,               0.000362,               0.000362
                     93,                 1.3174,                0.89627,                 1.0179,                0.88755,                0.87703,                0.92741,                 0.5769,                 1.2801,                0.98213,                 1.0296,               0.000344,               0.000344,               0.000344
                     94,                 1.3357,                0.88148,                 1.0284,                0.82919,                0.90741,                0.90308,                0.57037,                 1.3429,                 1.0014,                 1.0206,               0.000326,               0.000326,               0.000326
                     95,                 1.3522,                0.89312,                 1.0211,                0.81136,                0.90741,                  0.903,                0.52255,                 1.3476,                 1.0299,                 1.0356,               0.000308,               0.000308,               0.000308
                     96,                 1.3284,                0.88765,                 1.0204,                0.88934,                0.87037,                0.91353,                0.55797,                 1.3582,                0.94625,                 1.0417,                0.00029,                0.00029,                0.00029
                     97,                 1.3475,                0.88154,                 1.0183,                0.90362,                0.86819,                0.91019,                0.52973,                 1.3668,                 1.0271,                 1.0632,               0.000272,               0.000272,               0.000272
                     98,                 1.3336,                0.88205,                 1.0193,                0.85948,                0.90613,                0.92223,                0.54498,                 1.2943,                0.98761,                 1.0279,               0.000254,               0.000254,               0.000254
                     99,                 1.3203,                0.84915,                 1.0072,                0.87053,                0.87037,                0.90396,                0.55252,                 1.3686,                  1.014,                 1.0386,               0.000236,               0.000236,               0.000236
                    100,                 1.3102,                 0.8502,                 1.0113,                0.86946,                0.87037,                0.91384,                0.58587,                 1.3195,                 0.9676,                 1.0318,               0.000218,               0.000218,               0.000218
                    101,                 1.2329,                0.83262,                 1.0119,                0.90178,                0.85016,                0.91308,                 0.5743,                 1.3233,                0.95676,                 1.0432,                 0.0002,                 0.0002,                 0.0002
                    102,                 1.3096,                0.84147,                 1.0416,                0.87396,                0.89897,                0.91551,                0.56676,                 1.3206,                0.95555,                 1.0445,               0.000182,               0.000182,               0.000182
                    103,                 1.2529,                0.81326,                 1.0285,                0.90903,                0.92521,                0.91866,                0.58119,                 1.3545,                0.98824,                 1.0654,               0.000164,               0.000164,               0.000164
                    104,                 1.2616,                0.81357,                 1.0304,                 0.8445,                0.92593,                0.91666,                0.58932,                 1.3449,                0.93865,                 1.0569,               0.000146,               0.000146,               0.000146
                    105,                 1.2641,                0.80899,                 1.0347,                0.88763,                0.87781,                0.91484,                0.59105,                 1.3284,                0.91268,                 1.0411,               0.000128,               0.000128,               0.000128
                    106,                 1.2709,                0.79244,                 1.0206,                0.94298,                0.88889,                0.95055,                   0.59,                 1.2988,                0.90071,                 1.0333,                0.00011,                0.00011,                0.00011
                    107,                 1.2404,                0.84759,                 1.0214,                0.92262,                0.87037,                0.92692,                0.59069,                 1.3103,                0.93117,                 1.0401,                9.2e-05,                9.2e-05,                9.2e-05
                    108,                 1.2422,                0.78338,                 1.0294,                0.89293,                0.87037,                0.92423,                0.58542,                   1.32,                0.91328,                 1.0447,                7.4e-05,                7.4e-05,                7.4e-05
                    109,                 1.2443,                0.79794,                 1.0079,                0.88766,                0.87801,                0.92523,                0.57685,                  1.332,                 0.9063,                 1.0528,                5.6e-05,                5.6e-05,                5.6e-05
                    110,                 1.2201,                0.78426,                 1.0214,                0.90558,                0.88809,                 0.9202,                0.57574,                 1.3358,                 0.9328,                 1.0533,                3.8e-05,                3.8e-05,                3.8e-05
